date,cases,cumulative_cases
2020-01-15,0,0
2020-01-16,0,0
2020-01-17,0,0
2020-01-18,0,0
2020-01-19,0,0
2020-01-20,0,0
2020-01-21,0,0
2020-01-22,0,0
2020-01-23,2,2
2020-01-24,1,3
2020-01-25,0,3
2020-01-26,0,3
2020-01-27,0,3
2020-01-28,0,3
2020-01-29,0,3
2020-01-30,0,3
2020-01-31,0,3
2020-02-01,0,3
2020-02-02,0,3
2020-02-03,0,3
2020-02-04,0,3
2020-02-05,1,4
2020-02-06,1,5
2020-02-07,0,5
2020-02-08,0,5
2020-02-09,0,5
2020-02-10,0,5
2020-02-11,0,5
2020-02-12,0,5
2020-02-13,0,5
2020-02-14,0,5
2020-02-15,0,5
2020-02-16,0,5
2020-02-17,0,5
2020-02-18,1,6
2020-02-19,0,6
2020-02-20,0,6
2020-02-21,1,7
2020-02-22,0,7
2020-02-23,0,7
2020-02-24,2,9
2020-02-25,1,10
2020-02-26,1,11
2020-02-27,2,13
2020-02-28,5,18
2020-02-29,4,22
2020-03-01,2,24
2020-03-02,0,24
2020-03-03,7,31
2020-03-04,1,32
2020-03-05,10,42
2020-03-06,10,52
2020-03-07,6,58
2020-03-08,10,68
2020-03-09,13,81
2020-03-10,28,109
2020-03-11,47,156
2020-03-12,53,209
2020-03-13,62,271
2020-03-14,90,361
2020-03-15,88,449
2020-03-16,129,578
2020-03-17,143,721
2020-03-18,150,871
2020-03-19,185,1056
2020-03-20,276,1332
2020-03-21,278,1610
2020-03-22,350,1960
2020-03-23,458,2418
2020-03-24,602,3020
2020-03-25,570,3590
2020-03-26,667,4257
2020-03-27,877,5134
2020-03-28,883,6017
2020-03-29,781,6798
2020-03-30,1085,7883
2020-03-31,1251,9134
2020-04-01,1466,10600
2020-04-02,1275,11875
2020-04-03,1345,13220
2020-04-04,1116,14336
2020-04-05,1109,15445
2020-04-06,1119,16564
2020-04-07,1201,17765
2020-04-08,1429,19194
2020-04-09,1178,20372
2020-04-10,1334,21706
2020-04-11,1165,22871
2020-04-12,1312,24183
2020-04-13,1550,25733
2020-04-14,1630,27363
2020-04-15,1869,29232
2020-04-16,1686,30918
2020-04-17,1886,32804
2020-04-18,1700,34504
2020-04-19,1532,36036
2020-04-20,1548,37584
2020-04-21,1561,39145
2020-04-22,1580,40725
2020-04-23,1775,42500
2020-04-24,1505,44005
2020-04-25,1481,45486
2020-04-26,1296,46782
2020-04-27,1346,48128
2020-04-28,1420,49548
2020-04-29,1500,51048
2020-04-30,1545,52593
2020-05-01,1495,54088
2020-05-02,1329,55417
2020-05-03,1228,56645
2020-05-04,1203,57848
2020-05-05,1099,58947
2020-05-06,1306,60253
2020-05-07,1316,61569
2020-05-08,1185,62754
2020-05-09,1115,63869
2020-05-10,997,64866
2020-05-11,952,65818
2020-05-12,903,66721
2020-05-13,1085,67806
2020-05-14,1100,68906
2020-05-15,1196,70102
2020-05-16,1132,71234
2020-05-17,1214,72448
2020-05-18,1054,73502
2020-05-19,948,74450
2020-05-20,1059,75509
2020-05-21,1056,76565
2020-05-22,1093,77658
2020-05-23,920,78578
2020-05-24,881,79459
2020-05-25,960,80419
2020-05-26,657,81076
2020-05-27,759,81835
2020-05-28,781,82616
2020-05-29,1037,83653
2020-05-30,763,84416
2020-05-31,825,85241
2020-06-01,678,85919
2020-06-02,654,86573
2020-06-03,601,87174
2020-06-04,544,87718
2020-06-05,557,88275
2020-06-06,495,88770
2020-06-07,462,89232
2020-06-08,410,89642
2020-06-09,390,90032
2020-06-10,477,90509
2020-06-11,399,90908
2020-06-12,427,91335
2020-06-13,379,91714
2020-06-14,321,92035
2020-06-15,309,92344
2020-06-16,342,92686
2020-06-17,357,93043
2020-06-18,375,93418
2020-06-19,373,93791
2020-06-20,300,94091
2020-06-21,314,94405
2020-06-22,339,94744
2020-06-23,288,95032
2020-06-24,297,95329
2020-06-25,280,95609
2020-06-26,328,95937
2020-06-27,344,96281
2020-06-28,357,96638
2020-06-29,242,96880
2020-06-30,266,97146
2020-07-01,314,97460
2020-07-02,290,97750
2020-07-03,267,98017
2020-07-04,283,98300
2020-07-05,243,98543
2020-07-06,220,98763
2020-07-07,267,99030
2020-07-08,313,99343
2020-07-09,358,99701
2020-07-10,343,100044
2020-07-11,348,100392
2020-07-12,350,100742
2020-07-13,276,101018
2020-07-14,361,101379
2020-07-15,450,101829
2020-07-16,443,102272
2020-07-17,517,102789
2020-07-18,487,103276
2020-07-19,456,103732
2020-07-20,469,104201
2020-07-21,506,104707
2020-07-22,507,105214
2020-07-23,572,105786
2020-07-24,496,106282
2020-07-25,424,106706
2020-07-26,408,107114
2020-07-27,344,107458
2020-07-28,492,107950
2020-07-29,405,108355
2020-07-30,463,108818
2020-07-31,455,109273
2020-08-01,356,109629
2020-08-02,321,109950
2020-08-03,311,110261
2020-08-04,366,110627
2020-08-05,343,110970
2020-08-06,452,111422
2020-08-07,379,111801
2020-08-08,397,112198
2020-08-09,341,112539
2020-08-10,332,112871
2020-08-11,395,113266
2020-08-12,388,113654
2020-08-13,418,114072
2020-08-14,457,114529
2020-08-15,345,114874
2020-08-16,386,115260
2020-08-17,325,115585
2020-08-18,329,115914
2020-08-19,398,116312
2020-08-20,487,116799
2020-08-21,491,117290
2020-08-22,405,117695
2020-08-23,424,118119
2020-08-24,328,118447
2020-08-25,372,118819
2020-08-26,490,119309
2020-08-27,581,119890
2020-08-28,505,120395
2020-08-29,577,120972
2020-08-30,472,121444
2020-08-31,496,121940
2020-09-01,484,122424
2020-09-02,534,122958
2020-09-03,675,123633
2020-09-04,681,124314
2020-09-05,664,124978
2020-09-06,683,125661
2020-09-07,638,126299
2020-09-08,561,126860
2020-09-09,655,127515
2020-09-10,712,128227
2020-09-11,801,129028
2020-09-12,948,129976
2020-09-13,804,130780
2020-09-14,793,131573
2020-09-15,922,132495
2020-09-16,1012,133507
2020-09-17,1049,134556
2020-09-18,1084,135640
2020-09-19,1152,136792
2020-09-20,1177,137969
2020-09-21,1172,139141
2020-09-22,1123,140264
2020-09-23,1258,141522
2020-09-24,1335,142857
2020-09-25,1596,144453
2020-09-26,1765,146218
2020-09-27,1704,147922
2020-09-28,1734,149656
2020-09-29,1805,151461
2020-09-30,1980,153441
2020-10-01,2029,155470
2020-10-02,2157,157627
2020-10-03,2228,159855
2020-10-04,2012,161867
2020-10-05,1832,163699
2020-10-06,1995,165694
2020-10-07,2384,168078
2020-10-08,2133,170211
2020-10-09,2480,172691
2020-10-10,2305,174996
2020-10-11,2284,177280
2020-10-12,2078,179358
2020-10-13,2034,181392
2020-10-14,2396,183788
2020-10-15,2607,186395
2020-10-16,2521,188916
2020-10-17,2470,191386
2020-10-18,2338,193724
2020-10-19,2153,195877
2020-10-20,2469,198346
2020-10-21,2870,201216
2020-10-22,2835,204051
2020-10-23,2754,206805
2020-10-24,3083,209888
2020-10-25,2732,212620
2020-10-26,2537,215157
2020-10-27,2526,217683
2020-10-28,2988,220671
2020-10-29,3152,223823
2020-10-30,3528,227351
2020-10-31,3142,230493
2020-11-01,3627,234120
2020-11-02,3006,237126
2020-11-03,2887,240013
2020-11-04,3696,243709
2020-11-05,4199,247908
2020-11-06,4228,252136
2020-11-07,4063,256199
2020-11-08,4344,260543
2020-11-09,4399,264942
2020-11-10,4726,269668
2020-11-11,4940,274608
2020-11-12,4887,279495
2020-11-13,4936,284431
2020-11-14,5527,289958
2020-11-15,4526,294484
2020-11-16,4316,298800
2020-11-17,4344,303144
2020-11-18,5294,308438
2020-11-19,5088,313526
2020-11-20,5700,319226
2020-11-21,5775,325001
2020-11-22,5118,330119
2020-11-23,5305,335424
2020-11-24,5172,340596
2020-11-25,5474,346070
2020-11-26,6000,352070
2020-11-27,6232,358302
2020-11-28,6264,364566
2020-11-29,6028,370594
2020-11-30,5440,376034
2020-12-01,6153,382187
2020-12-02,6516,388703
2020-12-03,6564,395267
2020-12-04,6708,401975
2020-12-05,6915,408890
2020-12-06,6525,415415
2020-12-07,6214,421629
2020-12-08,5973,427602
2020-12-09,6592,434194
2020-12-10,6849,441043
2020-12-11,6785,447828
2020-12-12,7089,454917
2020-12-13,6754,461671
2020-12-14,6126,467797
2020-12-15,6472,474269
2020-12-16,6868,481137
2020-12-17,7063,488200
2020-12-18,7220,495420
2020-12-19,6693,502113
2020-12-20,6710,508823
2020-12-21,5997,514820
2020-12-22,6747,521567
2020-12-23,6461,528028
2020-12-24,6499,534527
2020-12-25,6082,540609
2020-12-26,5595,546204
2020-12-27,6342,552546
2020-12-28,6403,558949
2020-12-29,7656,566605
2020-12-30,8031,574636
2020-12-31,8775,583411
2021-01-01,7522,590933
2021-01-02,6882,597815
2021-01-03,7605,605420
2021-01-04,7305,612725
2021-01-05,7864,620589
2021-01-06,8463,629052
2021-01-07,9083,638135
2021-01-08,8710,646845
2021-01-09,7802,654647
2021-01-10,6319,660966
2021-01-11,7042,668008
2021-01-12,6752,674760
2021-01-13,7412,682172
2021-01-14,6920,689092
2021-01-15,7052,696144
2021-01-16,6414,702558
2021-01-17,5157,707715
2021-01-18,5056,712771
2021-01-19,5434,718205
2021-01-20,5987,724192
2021-01-21,5599,729791
2021-01-22,5720,735511
2021-01-23,4877,740388
2021-01-24,4414,744802
2021-01-25,3866,748668
2021-01-26,4385,753053
2021-01-27,4546,757599
2021-01-28,4678,762277
2021-01-29,4514,766791
2021-01-30,4322,771113
2021-01-31,3687,774800
2021-02-01,3099,777899
2021-02-02,3544,781443
2021-02-03,3872,785315
2021-02-04,3722,789037
2021-02-05,3688,792725
2021-02-06,3681,796406
2021-02-07,3078,799484
2021-02-08,2633,802117
2021-02-09,2889,805006
2021-02-10,3334,808340
2021-02-11,3434,811774
2021-02-12,3235,815009
2021-02-13,3158,818167
2021-02-14,2610,820777
2021-02-15,2397,823174
2021-02-16,2615,825789
2021-02-17,3202,828991
2021-02-18,3178,832169
2021-02-19,3301,835470
2021-02-20,3059,838529
2021-02-21,2731,841260
2021-02-22,2782,844042
2021-02-23,2894,846936
2021-02-24,3014,849950
2021-02-25,3334,853284
2021-02-26,3053,856337
2021-02-27,3044,859381
2021-02-28,2613,861994
2021-03-01,2406,864400
2021-03-02,2805,867205
2021-03-03,3032,870237
2021-03-04,3240,873477
2021-03-05,3278,876755
2021-03-06,3120,879875
2021-03-07,2777,882652
2021-03-08,2680,885332
2021-03-09,2928,888260
2021-03-10,3266,891526
2021-03-11,3542,895068
2021-03-12,3778,898846
2021-03-13,3361,902207
2021-03-14,2866,905073
2021-03-15,2774,907847
2021-03-16,3508,911355
2021-03-17,4070,915425
2021-03-18,4285,919710
2021-03-19,4023,923733
2021-03-20,3990,927723
2021-03-21,3583,931306
2021-03-22,3595,934901
2021-03-23,4565,939466
2021-03-24,4998,944464
2021-03-25,5300,949764
2021-03-26,5266,955030
2021-03-27,4873,959903
2021-03-28,4839,964742
2021-03-29,4749,969491
2021-03-30,5651,975142
2021-03-31,6167,981309
2021-04-01,6553,987862
2021-04-02,6931,994793
2021-04-03,6705,1001498
2021-04-04,6243,1007741
2021-04-05,6187,1013928
2021-04-06,7312,1021240
2021-04-07,8762,1030002
2021-04-08,8601,1038603
2021-04-09,9352,1047955
2021-04-10,9237,1057192
2021-04-11,8226,1065418
2021-04-12,7875,1073293
2021-04-13,8533,1081826
2021-04-14,9778,1091604
2021-04-15,9380,1100984
2021-04-16,8530,1109514
2021-04-17,9133,1118647
2021-04-18,8363,1127010
2021-04-19,7213,1134223
2021-04-20,8260,1142483
2021-04-21,8511,1150994
2021-04-22,8912,1159906
2021-04-23,8023,1167929
2021-04-24,8004,1175933
2021-04-25,7330,1183263
2021-04-26,6901,1190164
2021-04-27,7735,1197899
2021-04-28,8572,1206471
2021-04-29,8225,1214696
2021-04-30,8447,1223143
2021-05-01,7924,1231067
2021-05-02,7146,1238213
2021-05-03,6427,1244640
2021-05-04,7339,1251979
2021-05-05,7729,1259708
2021-05-06,7649,1267357
2021-05-07,7678,1275035
2021-05-08,6884,1281919
2021-05-09,5994,1287913
2021-05-10,5602,1293515
2021-05-11,6384,1299899
2021-05-12,6313,1306212
2021-05-13,5910,1312122
2021-05-14,6115,1318237
2021-05-15,5467,1323704
2021-05-16,4320,1328024
2021-05-17,4176,1332200
2021-05-18,4596,1336796
2021-05-19,4579,1341375
2021-05-20,4615,1345990
2021-05-21,4353,1350343
2021-05-22,3794,1354137
2021-05-23,3029,1357166
2021-05-24,2575,1359741
2021-05-25,2457,1362198
2021-05-26,3153,1365351
2021-05-27,3045,1368396
2021-05-28,2820,1371216
2021-05-29,2653,1373869
2021-05-30,1980,1375849
2021-05-31,1724,1377573
2021-06-01,2034,1379607
2021-06-02,2121,1381728
2021-06-03,2101,1383829
2021-06-04,1940,1385769
2021-06-05,1610,1387379
2021-06-06,1298,1388677
2021-06-07,1139,1389816
2021-06-08,1501,1391317
2021-06-09,1469,1392786
2021-06-10,1456,1394242
2021-06-11,1358,1395600
2021-06-12,1287,1396887
2021-06-13,984,1397871
2021-06-14,911,1398782
2021-06-15,946,1399728
2021-06-16,1043,1400771
2021-06-17,1057,1401828
2021-06-18,1037,1402865
2021-06-19,829,1403694
2021-06-20,614,1404308
2021-06-21,559,1404867
2021-06-22,671,1405538
2021-06-23,721,1406259
2021-06-24,708,1406967
2021-06-25,681,1407648
2021-06-26,636,1408284
2021-06-27,536,1408820
2021-06-28,429,1409249
2021-06-29,595,1409844
2021-06-30,574,1410418
2021-07-01,435,1410853
2021-07-02,429,1411282
2021-07-03,472,1411754
2021-07-04,390,1412144
2021-07-05,361,1412505
2021-07-06,494,1412999
2021-07-07,533,1413532
2021-07-08,566,1414098
2021-07-09,445,1414543
2021-07-10,416,1414959
2021-07-11,339,1415298
2021-07-12,296,1415594
2021-07-13,330,1415924
2021-07-14,399,1416323
2021-07-15,453,1416776
2021-07-16,450,1417226
2021-07-17,446,1417672
2021-07-18,378,1418050
2021-07-19,365,1418415
2021-07-20,484,1418899
2021-07-21,582,1419481
2021-07-22,647,1420128
2021-07-23,633,1420761
2021-07-24,611,1421372
2021-07-25,474,1421846
2021-07-26,521,1422367
2021-07-27,753,1423120
2021-07-28,877,1423997
2021-07-29,930,1424927
2021-07-30,901,1425828
2021-07-31,903,1426731
2021-08-01,739,1427470
2021-08-02,657,1428127
2021-08-03,939,1429066
2021-08-04,1320,1430386
2021-08-05,1583,1431969
2021-08-06,1675,1433644
2021-08-07,1534,1435178
2021-08-08,1285,1436463
2021-08-09,1295,1437758
2021-08-10,1811,1439569
2021-08-11,2145,1441714
2021-08-12,2391,1444105
2021-08-13,2231,1446336
2021-08-14,1920,1448256
2021-08-15,1878,1450134
2021-08-16,1746,1451880
2021-08-17,2418,1454298
2021-08-18,2914,1457212
2021-08-19,2845,1460057
2021-08-20,3191,1463248
2021-08-21,2709,1465957
2021-08-22,2064,1468021
2021-08-23,2334,1470355
2021-08-24,3054,1473409
2021-08-25,3325,1476734
2021-08-26,3800,1480534
2021-08-27,3743,1484277
2021-08-28,3218,1487495
2021-08-29,2757,1490252
2021-08-30,2842,1493094
2021-08-31,3867,1496961
2021-09-01,4072,1501033
2021-09-02,4028,1505061
2021-09-03,4149,1509210
2021-09-04,3813,1513023
2021-09-05,3056,1516079
2021-09-06,3273,1519352
2021-09-07,3611,1522963
2021-09-08,4320,1527283
2021-09-09,4300,1531583
2021-09-10,4905,1536488
2021-09-11,4179,1540667
2021-09-12,3838,1544505
2021-09-13,3805,1548310
2021-09-14,4528,1552838
2021-09-15,4609,1557447
2021-09-16,5044,1562491
2021-09-17,4509,1567000
2021-09-18,4215,1571215
2021-09-19,3664,1574879
2021-09-20,4109,1578988
2021-09-21,3853,1582841
2021-09-22,4493,1587334
2021-09-23,4509,1591843
2021-09-24,4887,1596730
2021-09-25,4351,1601081
2021-09-26,4281,1605362
2021-09-27,3506,1608868
2021-09-28,4255,1613123
2021-09-29,4417,1617540
2021-09-30,4607,1622147
2021-10-01,4194,1626341
2021-10-02,3950,1630291
2021-10-03,3310,1633601
2021-10-04,2789,1636390
2021-10-05,3670,1640060
2021-10-06,3710,1643770
2021-10-07,4306,1648076
2021-10-08,3830,1651906
2021-10-09,3529,1655435
2021-10-10,2687,1658122
2021-10-11,2385,1660507
2021-10-12,2520,1663027
2021-10-13,3102,1666129
2021-10-14,3531,1669660
2021-10-15,3277,1672937
2021-10-16,3233,1676170
2021-10-17,2328,1678498
2021-10-18,2133,1680631
2021-10-19,2800,1683431
2021-10-20,2834,1686265
2021-10-21,2726,1688991
2021-10-22,2676,1691667
2021-10-23,2223,1693890
2021-10-24,1916,1695806
2021-10-25,1868,1697674
2021-10-26,2247,1699921
2021-10-27,2680,1702601
2021-10-28,2555,1705156
2021-10-29,2481,1707637
2021-10-30,2103,1709740
2021-10-31,1889,1711629
2021-11-01,1871,1713500
2021-11-02,2141,1715641
2021-11-03,2622,1718263
2021-11-04,2627,1720890
2021-11-05,2837,1723727
2021-11-06,2470,1726197
2021-11-07,2169,1728366
2021-11-08,2174,1730540
2021-11-09,2584,1733124
2021-11-10,2701,1735825
2021-11-11,2690,1738515
2021-11-12,2706,1741221
2021-11-13,2394,1743615
2021-11-14,2007,1745622
2021-11-15,2091,1747713
2021-11-16,2227,1749940
2021-11-17,2704,1752644
2021-11-18,2987,1755631
2021-11-19,2692,1758323
2021-11-20,2743,1761066
2021-11-21,2217,1763283
2021-11-22,2147,1765430
2021-11-23,2642,1768072
2021-11-24,2807,1770879
2021-11-25,3117,1773996
2021-11-26,3178,1777174
2021-11-27,2788,1779962
2021-11-28,2247,1782209
2021-11-29,2210,1784419
2021-11-30,2970,1787389
2021-12-01,3258,1790647
2021-12-02,3510,1794157
2021-12-03,3656,1797813
2021-12-04,3280,1801093
2021-12-05,2959,1804052
2021-12-06,2976,1807028
2021-12-07,3498,1810526
2021-12-08,3969,1814495
2021-12-09,4824,1819319
2021-12-10,4847,1824166
2021-12-11,4804,1828970
2021-12-12,4158,1833128
2021-12-13,4262,1837390
2021-12-14,5831,1843221
2021-12-15,7576,1850797
2021-12-16,8594,1859391
2021-12-17,10412,1869803
2021-12-18,10686,1880489
2021-12-19,10916,1891405
2021-12-20,11676,1903081
2021-12-21,16051,1919132
2021-12-22,21465,1940597
2021-12-23,28758,1969355
2021-12-24,29545,1998900
2021-12-25,25998,2024898
2021-12-26,23730,2048628
2021-12-27,25711,2074339
2021-12-28,34942,2109281
2021-12-29,44065,2153346
2021-12-30,48011,2201357
2021-12-31,50936,2252293
2022-01-01,41375,2293668
2022-01-02,35062,2328730
2022-01-03,38364,2367094
2022-01-04,41972,2409066
2022-01-05,44520,2453586
2022-01-06,47424,2501010
2022-01-07,44429,2545439
2022-01-08,39948,2585387
2022-01-09,30028,2615415
2022-01-10,31981,2647396
2022-01-11,32714,2680110
2022-01-12,32411,2712521
2022-01-13,30252,2742773
2022-01-14,31027,2773800
2022-01-15,26039,2799839
2022-01-16,21527,2821366
2022-01-17,20494,2841860
2022-01-18,21396,2863256
2022-01-19,22179,2885435
2022-01-20,22317,2907752
2022-01-21,20302,2928054
2022-01-22,17679,2945733
2022-01-23,13263,2958996
2022-01-24,14323,2973319
2022-01-25,18504,2991823
2022-01-26,18642,3010465
2022-01-27,17610,3028075
2022-01-28,16877,3044952
2022-01-29,12740,3057692
2022-01-30,10721,3068413
2022-01-31,11373,3079786
2022-02-01,14468,3094254
2022-02-02,14448,3108702
2022-02-03,13070,3121772
2022-02-04,12563,3134335
2022-02-05,9851,3144186
2022-02-06,7846,3152032
2022-02-07,9060,3161092
2022-02-08,10737,3171829
2022-02-09,10329,3182158
2022-02-10,9477,3191635
2022-02-11,9007,3200642
2022-02-12,7774,3208416
2022-02-13,5059,3213475
2022-02-14,6770,3220245
2022-02-15,7423,3227668
2022-02-16,7282,3234950
2022-02-17,7479,3242429
2022-02-18,6369,3248798
2022-02-19,6012,3254810
2022-02-20,3719,3258529
2022-02-21,4598,3263127
2022-02-22,6614,3269741
2022-02-23,7189,3276930
2022-02-24,6231,3283161
2022-02-25,6198,3289359
2022-02-26,5115,3294474
2022-02-27,3211,3297685
2022-02-28,6659,3304344
2022-03-01,5205,3309549
2022-03-02,7001,3316550
2022-03-03,4811,3321361
2022-03-04,6648,3328009
2022-03-05,4587,3332596
2022-03-06,2702,3335298
2022-03-07,6232,3341530
2022-03-08,7090,3348620
2022-03-09,6588,3355208
2022-03-10,5280,3360488
2022-03-11,6759,3367247
2022-03-12,4960,3372207
2022-03-13,3310,3375517
2022-03-14,4809,3380326
2022-03-15,6242,3386568
2022-03-16,6258,3392826
2022-03-17,5667,3398493
2022-03-18,5263,3403756
2022-03-19,5150,3408906
2022-03-20,3703,3412609
2022-03-21,4461,3417070
2022-03-22,11182,3428252
2022-03-23,7064,3435316
2022-03-24,7391,3442707
2022-03-25,6905,3449612
2022-03-26,6979,3456591
2022-03-27,5029,3461620
2022-03-28,5878,3467498
2022-03-29,13840,3481338
2022-03-30,9235,3490573
2022-03-31,9127,3499700
2022-04-01,8881,3508581
2022-04-02,13631,3522212
2022-04-03,6206,3528418
2022-04-04,7178,3535596
2022-04-05,12849,3548445
2022-04-06,10394,3558839
2022-04-07,9942,3568781
2022-04-08,10113,3578894
2022-04-09,15012,3593906
2022-04-10,6613,3600519
2022-04-11,7929,3608448
2022-04-12,12172,3620620
2022-04-13,10577,3631197
2022-04-14,10225,3641422
2022-04-15,8575,3649997
2022-04-16,11401,3661398
2022-04-17,5679,3667077
2022-04-18,4920,3671997
2022-04-19,10274,3682271
2022-04-20,10149,3692420
2022-04-21,8994,3701414
2022-04-22,8831,3710245
2022-04-23,10767,3721012
2022-04-24,4652,3725664
2022-04-25,5458,3731122
2022-04-26,9575,3740697
2022-04-27,6749,3747446
2022-04-28,6567,3754013
2022-04-29,5836,3759849
2022-04-30,7939,3767788
2022-05-01,3678,3771466
2022-05-02,4589,3776055
2022-05-03,7157,3783212
2022-05-04,5543,3788755
2022-05-05,5322,3794077
2022-05-06,4871,3798948
2022-05-07,6740,3805688
2022-05-08,2439,3808127
2022-05-09,4044,3812171
2022-05-10,5393,3817564
2022-05-11,4509,3822073
2022-05-12,4139,3826212
2022-05-13,3609,3829821
2022-05-14,5213,3835034
2022-05-15,2397,3837431
2022-05-16,2905,3840336
2022-05-17,4302,3844638
2022-05-18,3243,3847881
2022-05-19,2963,3850844
2022-05-20,2497,3853341
2022-05-21,3719,3857060
2022-05-22,1618,3858678
2022-05-23,1770,3860448
2022-05-24,2948,3863396
2022-05-25,2733,3866129
2022-05-26,2618,3868747
2022-05-27,2319,3871066
2022-05-28,3200,3874266
2022-05-29,1335,3875601
2022-05-30,2186,3877787
2022-05-31,3022,3880809
2022-06-01,2295,3883104
2022-06-02,2330,3885434
2022-06-03,2147,3887581
2022-06-04,2794,3890375
2022-06-05,1442,3891817
2022-06-06,1948,3893765
2022-06-07,3117,3896882
2022-06-08,2297,3899179
2022-06-09,2290,3901469
2022-06-10,2147,3903616
2022-06-11,3103,3906719
2022-06-12,1438,3908157
2022-06-13,1748,3909905
2022-06-14,2281,3912186
2022-06-15,2246,3914432
2022-06-16,2245,3916677
2022-06-17,2067,3918744
2022-06-18,3246,3921990
2022-06-19,1455,3923445
2022-06-20,1774,3925219
2022-06-21,2593,3927812
2022-06-22,2709,3930521
2022-06-23,2848,3933369
2022-06-24,2538,3935907
2022-06-25,3667,3939574
2022-06-26,1778,3941352
2022-06-27,2377,3943729
2022-06-28,3509,3947238
2022-06-29,3523,3950761
2022-06-30,3698,3954459
2022-07-01,3114,3957573
2022-07-02,4362,3961935
2022-07-03,2457,3964392
2022-07-04,3182,3967574
2022-07-05,4258,3971832
2022-07-06,4224,3976056
2022-07-07,4234,3980290
2022-07-08,3640,3983930
2022-07-09,5577,3989507
2022-07-10,2578,3992085
2022-07-11,3421,3995506
2022-07-12,4919,4000425
2022-07-13,4992,4005417
2022-07-14,4957,4010374
2022-07-15,4432,4014806
2022-07-16,7488,4022294
2022-07-17,3181,4025475
2022-07-18,3791,4029266
2022-07-19,5265,4034531
2022-07-20,5498,4040029
2022-07-21,4921,4044950
2022-07-22,4424,4049374
2022-07-23,6279,4055653
2022-07-24,2917,4058570
2022-07-25,3570,4062140
2022-07-26,4747,4066887
2022-07-27,4326,4071213
2022-07-28,4185,4075398
2022-07-29,3732,4079130
2022-07-30,5391,4084521
2022-07-31,2483,4087004
2022-08-01,2482,4089486
2022-08-02,3592,4093078
2022-08-03,4362,4097440
2022-08-04,4018,4101458
2022-08-05,3458,4104916
2022-08-06,5131,4110047
2022-08-07,2234,4112281
2022-08-08,2646,4114927
2022-08-09,3977,4118904
2022-08-10,3537,4122441
2022-08-11,3587,4126028
2022-08-12,3341,4129369
2022-08-13,5910,4135279
2022-08-14,2097,4137376
2022-08-15,2580,4139956
2022-08-16,3575,4143531
2022-08-17,3614,4147145
2022-08-18,3364,4150509
2022-08-19,3054,4153563
2022-08-20,4467,4158030
2022-08-21,2063,4160093
2022-08-22,2446,4162539
2022-08-23,3260,4165799
2022-08-24,3202,4169001
2022-08-25,2748,4171749
2022-08-26,2619,4174368
2022-08-27,4412,4178780
2022-08-28,1757,4180537
2022-08-29,2033,4182570
2022-08-30,2849,4185419
2022-08-31,2876,4188295
2022-09-01,2643,4190938
2022-09-02,2427,4193365
2022-09-03,3584,4196949
2022-09-04,1429,4198378
2022-09-05,1515,4199893
2022-09-06,2183,4202076
2022-09-07,2735,4204811
2022-09-08,2628,4207439
2022-09-09,2390,4209829
2022-09-10,5110,4214939
2022-09-11,1562,4216501
2022-09-12,2152,4218653
2022-09-13,2798,4221451
2022-09-14,2592,4224043
2022-09-15,2542,4226585
2022-09-16,2318,4228903
2022-09-17,3751,4232654
2022-09-18,1578,4234232
2022-09-19,1984,4236216
2022-09-20,2766,4238982
2022-09-21,3152,4242134
2022-09-22,2790,4244924
2022-09-23,2523,4247447
2022-09-24,3809,4251256
2022-09-25,1797,4253053
2022-09-26,2164,4255217
2022-09-27,3096,4258313
2022-09-28,3049,4261362
2022-09-29,3028,4264390
2022-09-30,2590,4266980
2022-10-01,3981,4270961
2022-10-02,1620,4272581
2022-10-03,2310,4274891
2022-10-04,3191,4278082
2022-10-05,3211,4281293
2022-10-06,2885,4284178
2022-10-07,2965,4287143
2022-10-08,4389,4291532
2022-10-09,1875,4293407
2022-10-10,1932,4295339
2022-10-11,2604,4297943
2022-10-12,3804,4301747
2022-10-13,3654,4305401
2022-10-14,3110,4308511
2022-10-15,4531,4313042
2022-10-16,1961,4315003
2022-10-17,1987,4316990
2022-10-18,2876,4319866
2022-10-19,3318,4323184
2022-10-20,3642,4326826
2022-10-21,3215,4330041
2022-10-22,4502,4334543
2022-10-23,1793,4336336
2022-10-24,2528,4338864
2022-10-25,3478,4342342
2022-10-26,3034,4345376
2022-10-27,3133,4348509
2022-10-28,2849,4351358
2022-10-29,4302,4355660
2022-10-30,1697,4357357
2022-10-31,1944,4359301
2022-11-01,2899,4362200
2022-11-02,2836,4365036
2022-11-03,2558,4367594
2022-11-04,2548,4370142
2022-11-05,3771,4373913
2022-11-06,1630,4375543
2022-11-07,1856,4377399
2022-11-08,2545,4379944
2022-11-09,2245,4382189
2022-11-10,2218,4384407
2022-11-11,1807,4386214
2022-11-12,3065,4389279
2022-11-13,1329,4390608
2022-11-14,1579,4392187
2022-11-15,2221,4394408
2022-11-16,2409,4396817
2022-11-17,2091,4398908
2022-11-18,1862,4400770
2022-11-19,3093,4403863
2022-11-20,1260,4405123
2022-11-21,1647,4406770
2022-11-22,2212,4408982
2022-11-23,2287,4411269
2022-11-24,2227,4413496
2022-11-25,2064,4415560
2022-11-26,3364,4418924
2022-11-27,1386,4420310
2022-11-28,1704,4422014
2022-11-29,2381,4424395
2022-11-30,2528,4426923
2022-12-01,2564,4429487
2022-12-02,2047,4431534
2022-12-03,3531,4435065
2022-12-04,1477,4436542
2022-12-05,1739,4438281
2022-12-06,2488,4440769
2022-12-07,2641,4443410
2022-12-08,2463,4445873
2022-12-09,2252,4448125
2022-12-10,3548,4451673
2022-12-11,1538,4453211
2022-12-12,1894,4455105
2022-12-13,2610,4457715
2022-12-14,2763,4460478
2022-12-15,2683,4463161
2022-12-16,2286,4465447
2022-12-17,3602,4469049
2022-12-18,1755,4470804
2022-12-19,2050,4472854
2022-12-20,2769,4475623
2022-12-21,2962,4478585
2022-12-22,2748,4481333
2022-12-23,2177,4483510
2022-12-24,2264,4485774
2022-12-25,1140,4486914
2022-12-26,1297,4488211
2022-12-27,1892,4490103
2022-12-28,2629,4492732
2022-12-29,2951,4495683
2022-12-30,2942,4498625
2022-12-31,3751,4502376
